timestamp,price,cg_score,reddit_score,news_score,composite,signal,strength
1745994953.817125,0.729,-0.001,0.079,0.315,BUY,0.315
1745995560.786989,0.727,-0.001,0.076,0.313,BUY,0.313
2025-04-30 15:16:13,0.72,-0.001,0.075,0.31,BUY,0.31
2025-04-30 15:19:14,0.711,-0.001,0.078,0.308,BUY,0.308
2025-04-30 15:24:06,0.7030000000000001,-0.0008333333333333332,0.07543659130393449,0.3035809773911804,BUY,0.3035809773911804
2025-04-30 15:25:21,0.703,-0.001,0.078,0.304,BUY,0.304
2025-04-30 15:35:28,0.707,-0.001,0.075,0.305,BUY,0.305
2025-04-30 15:37:13,0.709,-0.001,0.076,0.306,BUY,0.306
2025-04-30 15:47:21,0.707,-0.001,0.074,0.305,BUY,0.305
2025-04-30 15:57:27,0.699,-0.001,0.073,0.301,BUY,0.301
2025-04-30 16:07:31,0.699,-0.001,0.076,0.302,BUY,0.302
2025-04-30 16:17:36,0.695,-0.001,0.081,0.302,BUY,0.302
2025-04-30 16:27:42,0.696,-0.001,0.079,0.302,BUY,0.302
2025-04-30 16:37:48,0.696,-0.001,0.081,0.302,BUY,0.302
2025-04-30 16:47:53,0.704,-0.001,0.081,0.306,BUY,0.306
2025-04-30 16:57:58,0.703,-0.001,0.081,0.305,BUY,0.305
2025-04-30 17:11:36,0.703,-0.001,0.079,0.305,BUY,0.305
2025-04-30 20:31:39,0.665,-0.001,0.093,0.294,HOLD,0.294
2025-04-30 20:41:43,0.663,-0.001,0.086,0.291,HOLD,0.291
2025-04-30 20:51:50,0.663,-0.001,0.092,0.293,HOLD,0.293
2025-04-30 21:01:55,0.653,-0.001,0.092,0.289,HOLD,0.289
2025-04-30 21:08:46,0.653,-0.001,0.092,0.289,HOLD,0.289
2025-04-30 21:18:51,0.652,-0.001,0.088,0.287,HOLD,0.287
2025-04-30 21:28:59,0.648,-0.001,0.088,0.285,HOLD,0.285
2025-04-30 21:32:15,0.648,-0.001,0.086,0.285,HOLD,0.285
2025-05-01 14:52:33,0.417,0.016,0.085,0.197,HOLD,0.197
2025-05-01 15:02:48,2.2,0.405,0.016,0.082,0.192,HOLD,0.192
2025-05-01 15:13:07,$2.2000,0.405,0.016,0.084,0.192,HOLD,0.192
2025-05-01 16:03:37,$2.2000,0.427,0.016,0.084,0.201,HOLD,0.201
2025-05-01 16:14:13,$2.2000,0.427,0.016,0.084,0.201,HOLD,0.201
2025-05-01 18:57:27,$2.2300,0.443,0.016,0.097,0.211,HOLD,0.289
2025-05-01 18:58:51,$2.2300,0.443,0.016,0.096,0.211,HOLD,0.289
2025-05-01 18:59:55,$2.2300,0.443,0.016,0.097,0.211,HOLD,0.289
2025-05-01 19:10:02,$2.2400,0.441,0.016,0.101,0.211,HOLD,0.289
2025-05-01 20:31:13,$2.2400,0.455,0.016,0.098,0.216,HOLD,0.284
2025-05-01 20:41:20,$2.2400,0.444,0.016,0.103,0.214,HOLD,0.286
2025-05-01 20:51:37,$2.2400,0.438,0.016,0.095,0.209,HOLD,0.291
2025-05-01 21:01:44,$2.2400,0.473,0.016,0.103,0.225,HOLD,0.275
2025-05-01 21:11:53,$2.2400,0.49,0.016,0.095,0.229,HOLD,0.271
2025-05-01 21:22:06,$2.2400,0.49,0.016,0.101,0.231,HOLD,0.269
2025-05-01 21:32:14,$2.2400,0.49,0.016,0.095,0.229,HOLD,0.271
2025-05-02 11:32:14,$2.2300,0.663,0.016,0.081,0.294,HOLD,0.206
2025-05-02 11:33:04,$2.2300,0.663,0.016,0.08,0.294,HOLD,0.206
2025-05-02 11:43:12,$2.2300,0.665,0.016,0.079,0.294,HOLD,0.206
2025-05-02 11:53:19,$2.2300,0.665,0.016,0.081,0.295,HOLD,0.205
2025-05-02 12:17:54,$2.2300,0.667,0.016,0.083,0.296,HOLD,0.204
2025-05-02 12:28:04,$2.2300,0.67,0.016,0.082,0.297,HOLD,0.203
2025-05-02 12:38:12,$2.2300,0.672,0.016,0.091,0.301,BUY,0.001
2025-05-02 12:48:19,$2.2300,0.674,0.016,0.091,0.302,BUY,0.002
2025-05-02 12:58:26,$2.2300,0.672,0.016,0.091,0.301,BUY,0.001
2025-05-03 20:44:48,$2.2000,0.738,0.016,0.092,0.327,BUY,0.027
2025-05-03 20:50:12,$2.2000,$2.8600,0.738,0.016,0.092,0.327,BUY,0.027
2025-05-03 21:31:02,$2.2000,$2.8600,0.769,0.016,0.083,0.337,BUY,0.037
2025-05-03 21:41:08,$2.2000,$2.8600,0.769,0.016,0.083,0.337,BUY,0.037
